num,index_1,index_2
1,>1,>1
2,GTGAAGAC,GGCCATAT
3,>2,>2
4,CCATCCAT,TTCGATGG
5,>3,>3
6,CCTTGCTA,GTGTCACA
7,>4,>4
8,CTCAACAG,ACGTGATC
9,>5,>5
10,AGCAGTAG,AGAGCAGT
11,>6,>6
12,GCTATACG,CTCTAGAG
13,>7,>7
14,GACATGTC,AACCGGTT
15,>8,>8
16,GATCTGCA,TGGTCAAC
17,>9,>9
18,GTTCAGGT,GTACGATC
19,>10,>10
20,GATCACCA,AGTGGTGA
21,>11,>11
22,CCATGGAT,GTGTTCTC
23,>12,>12
24,TTAACGCG,TGAGGACA
25,>13,>13
26,CCTACCTA,CACTTCTG
27,>14,>14
28,GACTGTCA,ATGGCCTA
29,>15,>15
30,CTTCTCCT,AGTCTGTG
31,>16,>16
32,TCTGAGAC,AACCTTCC
33,>17,>17
34,TCCTCATG,ACCTGTTC
35,>18,>18
36,CACTGACA,CAGACTCA
37,>19,>19
38,TTCGAACG,AGTGTCTG
39,>20,>20
40,AGCTTCGA,CTTGGTAG
41,>21,>21
42,GAAGTCCT,TATAGCGC
43,>22,>22
44,ACTGACTG,GTAGAGGT
45,>23,>23
46,CAACCATG,CAGTCTCT
47,>24,>24
48,GCTTAAGC,ATCGGCAT
49,>25,>25
50,CTACAGGT,GTCACAGT
51,>26,>26
52,CGGCATAT,CTGACAGT
53,>27,>27
54,TGGTTGCA,CTCTACAC
55,>28,>28
56,CCGGTAAT,CAGTGACT
57,>29,>29
58,TGGACATC,CTGTGTCT
59,>30,>30
60,CGATCGTA,TGGTACCA
61,>31,>31
62,AGTCAGAG,TCCTTGCA
63,>32,>32
64,TCCAACCT,GCATCGAT
65,>33,>33
66,AGTCTCTC,ATATGGCC
67,>34,>34
68,CTTCGATC,GTACGTTG
69,>35,>35
70,TATAGCCG,AGGTGTTC
71,>36,>36
72,TAGGCGAA,TGTCACTC
73,>37,>37
74,TTAAGCGC,CTTGTCCA
75,>38,>38
76,AAGCTTCG,CAAGGAAC
77,>39,>39
78,GATGGTAG,GTAGGATG
79,>40,>40
80,GGCGTATT,TTCGCCAT
81,>41,>41
82,TAGGTAGG,TAGGCGTT
83,>42,>42
84,TTAACCGG,TCAGCAGT
85,>43,>43
86,TTGCGGTA,TTCCATGC
87,>44,>44
88,GACTGTGT,GATCACCA
89,>45,>45
90,CTAGTCCT,TGCTACCT
91,>46,>46
92,ACAGTGAG,CTACGAAC
93,>47,>47
94,TGTCACTC,GTGTACTG
95,>48,>48
96,ACCTCATC,TATTGCGG
97,>49,>49
98,GTGAAGAC,GGATCCAT
99,>50,>50
100,CCATCCAT,GACTAGAG
101,>51,>51
102,CCTTGCTA,GGATTAGG
103,>52,>52
104,CTCAACAG,TGACGAGA
105,>53,>53
106,AGCAGTAG,TCGTAGCA
107,>54,>54
108,GCTATACG,ACCTCTAC
109,>55,>55
110,GACATGTC,GACTACAC
111,>56,>56
112,GATCTGCA,GCTTAAGC
113,>57,>57
114,GTTCAGGT,ATCCGCTT
115,>58,>58
116,GATCACCA,ACGATGCT
117,>59,>59
118,CCATGGAT,CAGTTCTC
119,>60,>60
120,TTAACGCG,CATGACGT
121,>61,>61
122,CCTACCTA,TGGTGAAG
123,>62,>62
124,GACTGTCA,AGACGTCT
125,>63,>63
126,CTTCTCCT,CGCGTATA
127,>64,>64
128,TCTGAGAC,TGCTTGGA
129,>65,>65
130,TCCTCATG,TCCTTCCT
131,>66,>66
132,CACTGACA,TAGCGCAT
133,>67,>67
134,TTCGAACG,GACAACTC
135,>68,>68
136,AGCTTCGA,CCAATTCC
137,>69,>69
138,GAAGTCCT,CAAGCTAC
139,>70,>70
140,ACTGACTG,CGCGATTA
141,>71,>71
142,CAACCATG,AGACGACA
143,>72,>72
144,GCTTAAGC,TCTCAGAG
145,>73,>73
146,CTACAGGT,GTGACTGT
147,>74,>74
148,CGGCATAT,CAACTGCA
149,>75,>75
150,TGGTTGCA,TACGGCTA
151,>76,>76
152,CCGGTAAT,CACTTGTC
153,>77,>77
154,TGGACATC,AGTCCACA
155,>78,>78
156,CGATCGTA,TCTGGAGT
157,>79,>79
158,AGTCAGAG,ACGAGAAC
159,>80,>80
160,TCCAACCT,TTCCAAGG
161,>81,>81
162,AGTCTCTC,CTCACACT
163,>82,>82
164,CTTCGATC,CTGATCTC
165,>83,>83
166,TATAGCCG,GATCCTAG
167,>84,>84
168,TAGGCGAA,TCCTAGGA
169,>85,>85
170,TTAAGCGC,CGCCTTAT
171,>86,>86
172,AAGCTTCG,AACGATCC
173,>87,>87
174,GATGGTAG,CTTGTGCT
175,>88,>88
176,GGCGTATT,TAGGCCTA
177,>89,>89
178,TAGGTAGG,GTAGCTTG
179,>90,>90
180,TTAACCGG,AACCATCG
181,>91,>91
182,TTGCGGTA,TGGACTAC
183,>92,>92
184,GACTGTGT,GAAGACCA
185,>93,>93
186,CTAGTCCT,GTCTCACT
187,>94,>94
188,ACAGTGAG,TACGATCG
189,>95,>95
190,TGTCACTC,CCATTAGG
191,>96,>96
192,ACCTCATC,TCTGCTCA
